,type_of_message,category,text,screenname
0,None of the above,Information source,@fox12weather re: tornado. I live in Vancouver. That must be why I heard thunder (or a freight train) around that time this afternoon.,jenr8rluvsJesus
1,Look at this video or these videos,Information source,Incredible video: #Tornado tears through Oklahoma: http://fxn.ws/jqECzA,foxnewsvideo
2,None of the above,Information source,"Obama visits tornado-ravaged Joplin; renamed hospital reopens: President Barack Obama visited tattered Joplin, M... http://bit.ly/iexppM",Patricabhg
3,Look at this web site/page,Information source, @lindaperrybarr: Hi everyone! Want to share http://bit.ly/l3MxtA @BrianStelter's tumbler on using twitter to cover #Joplin and lesson ...,SocialMichelleR
4,Look at this video or these videos,Information source, @txstormchasers: Heading south on the DNT at Eldorado. Going to have to core the huge hail core. LIVE VIDEO - http://tinyurl.com/22sa ...,mcontrerasjr
5,Look at this video or these videos,Information source, @jasonboyett: This footage of the Mass. tornado sucking up water from the Connecticut River is ridiculously terrifying: http://yhoo.i ...,Pinkdaisyjane
6,None of the above,Information source,"My cop friend volunteered in #Joplin last wknd; she said people are driving there from Ark., Ill. & Cal. to loot! #despicable",sagourd
7,Look at this web site/page,Information source," @TIME: This dog was sucked up by a tornado, but crawled home on two broken legs | http://ti.me/kVEEDu (via @TIMENewsFeed)",cellblockrach
8,None of the above,Information source,Back at my desk after the tornado warning. That was fun. #sarcasm #thingsyoudontsayinNYC,JustSayKB
9,Look at this video or these videos,Information source,"I just uploaded ""VIOLENT Dibble/Washington/Goldsby Tornado! May 24, 2011"" on Vimeo: http://vimeo.com/24290944",ChrisSnr
10,None of the above,Information source," @CygnetUpdates:  @mediaphish: If you are working in the city of #joplin and need a hot meal, the Humphrey's family at 310 N Wall ha ...",goMarielle
11,Watch this TV channel (or: I am watching this channel),Information source,Watching NBC News coverage from #Joplin. Sad to see the lives torn apart by this disaster. Thoughts continue to be with you. #MIZforJOPLIN,CaseCarp
12,Look at this photo or these photos,Information source, @Cassandralea: Before and after photos of #joplin ... WOW http://t.co/wxe7i5B,JackiYo
13,Look at this web site/page,Information source,Dayton requests disaster declaration after tornado http://dlvr.it/TGCDN,jessiebur
14,None of the above,Information source,had to stay in school for an extra hour because of a tornado warning and that was fun,KotaBear44
15,Look at this web site/page,Information source,Back by the #Joplin hospital now. Even more eerie-looking at night. http://instagr.am/p/EpMkz/,brianstelter
16,Look at this photo or these photos,Information source, @Daradondo: the tornado  http://twitpic.com/5248yt,ShantaFabulous
17,Look at this photo or these photos,Information source,DivaDOD: My cousin ran outside his tornado shelter in Oklahoma City to take this picture.:    submitted by  Neug... http://bit.ly/j8zwR4,IHateDivas
18,None of the above,Information source,@Public_Interest Is it just me or does it appear that there are multiple vortexes in that new Ringgold tornado footage?,joelabarker
19,Look at this web site/page,Information source,Massachusetts tornado: What are deadly tornadoes doing way up in ...: At least two tornadoes tore through commun... http://bit.ly/lsaEFa,billweckos
20,Look at this photo or these photos,Information source," @jjeffrose: Wow! Crazy pic from Joplin, MO. Ã¢â‚¬Å“@thegoodhuman: Google Street View before and after shows tornado's true destruction http ...",MoneySmart
21,Look at this web site/page,Information source,#Joplin http://t.co/tTpJSrw,KevinSchwaller
22,Look at this web site/page,Information source,Tornado sucks up a river.  http://is.gd/tutjk0,PenguinSix
23,Look at this web site/page,Information source," @lifechurchtv: See an update of how LifeChurch.tv is partnering with Tornado Relief in Joplin, Oklahoma City and Birmingham. http://y ...",AmoMiPanama
24,Look at this web site/page,Information source,Joliet councilman organizes tornado relief collection - Herald News http://t.co/PqMTvXw via @AddThis,jolietdave
25,Look at this video or these videos,Information source,VIDEO: True Faith Shown During Joplin Tornado http://tinyurl.com/3gcd65n #charismamagazine #charisma_magazine,faithfulnews
26,Look at this web site/page,Information source,Whoa!   @rob_sheridan: This is what happens when a tornado crosses a river. Holy shit. http://bit.ly/lSatyy - via @leviathant,Josh_Hamrick
27,Look at this web site/page,Information source,"Experience a 360 degree view of a 250mph tornado in Nature Unleashed: Inside Natural Disasters, opening 5/28. www.CTScienceCenter.org/nature",CTScienceCenter
28,None of the above,Information source,@JacquiJeras Massachusetts had a big tornado,sexyjohnstofko
29,Look at this web site/page,Information source, @LOSewardII: MO Gov. Jay Nixon on stage at #Joplin community memorial http://lockerz.com/s/105952239,Sam_Hartle
30,Look at this web site/page,Information source,Missouri Facebook Safety bill awaiting signature would have thwarted #Joplin teachers helping children after #tornado http://bit.ly/mEM2zu,jondresner
31,Look at this photo or these photos,Information source, @CBSNews: Documenting the devastation: photos of #Joplin from @CBSEveningNews http://bit.ly/lfgBYO & @ChrisWragge http://bit.ly/iMufk4,Donna_Chan
32,Look at this web site/page,Information source, @azsportsguy: Tornado approaching Arlington Stadium.  They are RUSHING fans into the dugout walkway http://www.myfoxdfw.com/subindex/ ...,gpahia
33,Look at this video or these videos,Information source, @lindsayschallon: This video (even though it's all audio) is the most chilling thing I've ever seen. Made me tear up. #joplin #tornad ...,JessieBradley92
34,Look at this photo or these photos,Information source,Incredible Images Of Massachusetts Tornado From Space! http://bit.ly/mkOpsW,MarcWeinbergWX
35,Look at this video or these videos,Information source,Video of tornado crossing over I-91 in Springfield  http://bit.ly/lhtczm,newsceci
36,Watch this TV channel (or: I am watching this channel),Information source, @Faith_Ford: I've just been told by a fellow tweeter that all should watch weather channel. Massive tornado outbreak!,JaneLeeves
37,Look at this video or these videos,Information source, @elchascas:  @bdosalinas: Video: El mini-tornado en Villarica: http://youtu.be/up3UrNI4KuE / Heavy!,nataliahm
38,Look at this video or these videos,Information source,Inside the Missouri tornado [video] http://is.gd/CYdk9N http://bit.ly/jrJcIi,BailHeroHonda
39,Look at this web site/page,Information source,@springfieldNL see active TWEAK the TWEET .xls  http://t.co/zIEUZa3 and the GEO TAG MAP map http://t.co/3HPSa40 #joplin #relief #MONeeds,goMarielle
40,Look at this web site/page,Information source,Obama vows national response to Missouri tornado (Reuters) http://goo.gl/fb/BHRSx,infinite411
41,Look at this web site/page,Information source,BREAKING NEWS: We are streaming KTVI Fox 2 coverage of St. Louis tornado LIVE on our weather blog. http://bit.ly/mKYcGr -ES,lgibbs
42,Look at this photo or these photos,Information source,"I posted 12 photos on Facebook in the album ""Joplin Tornado Relief FP Volunteers (May 30, 2011)"" http://fb.me/KJEsAEk0",fpcarthage
43,Look at this web site/page,Information source, @vpaige: MT @post2it: Cantor denies help 4 tornado victims until budget cut http://bit.ly/ifCrsz but of course not oil subsidies http ...,drugmonkeyblog
44,Look at this video or these videos,Information source, @internetguru7: Dramatic water tornado appears off Australia coast: Waterspout creates fountain of . http://bit.ly/lCMy91 #Telegraph #UK,KarenVizer
45,Look at this web site/page,Information source,Tornado in near Guyer HS in Denton: http://lockerz.com/s/104534117,Juice___
46,Look at this video or these videos,Information source,April's tornado outbreak animation http://chilp.it/901982,jtt1560
47,Look at this video or these videos,Information source,Check this video out -- Water tornado blasts Australia coast http://t.co/nQqZMEG via @youtube,tehrangeles11
48,None of the above,Information source, @AmberAlert4Pets: Use code storm2011 if you #lost a #pet in a #tornado ravaged area. Register your #lostdog #lostcat #lostpet here: h ...,marshbirder
49,Look at this web site/page,Information source, @TimesFreePress: Former Vol charged with stealing a refrigerator from a tornado-damaged home. http://bit.ly/ljtjEC #cha,ChattParkRec
50,Look at this web site/page,Information source,"Dog with Two Broken Legs Survives Tornado, Crawls Home to Find Family http://ti.me/loaUWX via @TIMENewsFeed",ayesha_mistry
51,Look at this web site/page,Information source,Ã£â‚¬ÂdisasterÃ£â‚¬â€˜Ã§ÂÂ½Ã¥Â®Â³Ã£â‚¬ÂÃ§ÂÂ½Ã©â€ºÂ£(Ã¥ÂÂÃ¨Â©Å¾)A tornado is one type of natural disaster. [PC]http://bit.ly/gpiZqTÃ¯Â¼Â»MBÃ¯Â¼Â½http://bit.ly/fuzceH #toeic,toeic_base
52,Look at this photo or these photos,Information source," @geoeye: New @GeoEye High Resolution Imagery Released of Joplin High School (post-tornado) Joplin, Missouri http://bit.ly/ilrVp8",GeologyDave
53,Look at this web site/page,Information source,On the Business Side: This may be the costliest ##tornado & storm season http://bit.ly/mrMybP,temphousing
54,Look at this video or these videos,Information source, @kmbc: TORNADO NEAR KC: LIVE BLOG AND VIDEO: http://livewire.kmbc.com/Event/Wednesday_Severe_Weather_Outbreak,ernby
55,Look at this web site/page,Information source, @AGCofA: NY Times looks at how reconstruction work in tornado- and flood-devastated areas will temporarily boost construction...http: ...,erock131
56,Look at this web site/page,Information source,"Update: Local doctors, deputies respond to tornado-torn Joplin - Houston Herald http://bit.ly/jHYcTK",PetShopPlace
57,Look at this web site/page,Information source," @borntorunnergrl: Sunrise 360 view #Joplin. a play set still stands, but homes are in piles http://occip.it/pt51gkka http://twitpic.c ...",silvermaneman
58,Look at this video or these videos,Information source," @stormchaser4850:  @Cuevman81: Surveillance video released from a home of Joplin, MO tornado http://youtu.be/OrnRSSHz4dU",INstormchaser
59,Look at this web site/page,Information source,Tornado MA Springfield 2011 Tornado June 1 2011 http://tinyurl.com/6femsz7,JThol
60,None of the above,Information source,"TUCSON BBB: How to Tornado-Proof Your Home[Sun, 24 Ap] http://dlvr.it/TQcJC",TucsonEA
61,Look at this video or these videos,Information source,Close-up video of a tornado cutting across the Connecticut River http://itv.co/kb1LLS,itvnews
62,Look at this web site/page,Information source, @todayshow: How you can help people of #Joplin: http://tinyurl.com/4yaklff,FirstGiving
63,Look at this video or these videos,Information source, @Scobleizer: Horrific new footage of the tornado that hit Joplin from a storm chaser. http://www.youtube.com/watch?v=EfdK6H9d6J0 Natu ...,oldsage_fl
64,Look at this photo or these photos,Information source, @itn: See amazing pictures of a water tornado blasting across the ocean off the east coast of Australia... http://bit.ly/l0CprB,feker
65,None of the above,Information source,"Earthquakes, Floods, Tornado, HurricanesVolcano and Tsunami. Last Solar Wave form the sun to knock out the Power in the whole world in 2012",Dereknhouse
66,Look at this web site/page,Information source, @MoDemParty: Sen. Claire McCaskill speaks to her Senate colleagues about the effects of the Joplin Tornado http://youtu.be/bOa_MHyVyLY,ErbanLady
67,Look at this web site/page,Information source,Thoughts and prayers with those in #Joplin.  Here's lots of info on how to help or locate victims in #Joplin   http://bit.ly/je3Nq9,AFPSTL
68,Look at this video or these videos,Information source, @robinmeade: PETRIFYING video reportedly captures screams & prayers of pple riding out #Joplin #tornado in #fast...  http://ping.fm/ZlBNj,atlanta_nba_227
69,None of the above,Information source,"We're on Severe Weather Watch @ #WGN! @TomSkilling at 5p with the latest on Tornado Watch, thunderstorms...",dianabrodeurWGN
70,Look at this web site/page,Information source, @weatherchannel: The #Joplin #tornado is now among the top 10 deadliest tornadoes in U.S. history.  Updated perspective:  http://wxch ...,mikeyA320
71,Look at this web site/page,Information source, @MoGov: Health professionals in #Missouri can register to volunteer during a disaster or emergency. http://on.mo.gov/jxHt1W #Joplin,ColumbiaColg
72,Look at this web site/page,Information source,@koamnews and @NewsAt9 will show you a new shelter for #Joplin residents http://twitpic.com/5bjzjy,at_pitt
73,Look at this web site/page,Information source,#Joplin #tornado Releasewhite balloon for Will Norton todayhttp://rturner229.blogspot.com/2011/06/release-white-balloon-for-will-norton.html,rturner229
74,Look at this web site/page,Information source," @mutigersdotcom: Prayers out to #Joplin. If you want to or need help, check out http://ow.ly/50IrO or call 2-1-1 (800-427-4626). Dona ...",SJKauffmann
75,None of the above,Information source," @TWCBreaking: See the expanded ""high risk"" #tornado threat area on our clickable map.  Is your city in it?  http://wxch.nl/l4qRWg",FutureKID95
76,Watch this TV channel (or: I am watching this channel),Information source," @BreakingNews: Spotters confirm a tornado on the ground moving toward Joplin, Mo., where a twister on Sunday killed 124 people - CNN",Campjay76
77,Look at this web site/page,Information source,Use code storm2011 if you #lost a #pet in a #tornado ravaged area. Register your #lostdog #lostcat #lostpet here: http://ow.ly/5dAN3,AmberAlert4Pets
78,Look at this photo or these photos,Information source, @NASA Image from space of the scar across western Massachussetts from the June 1 tornado (from Landsat 5). http://go.usa.gov/DGp,karolnowickipl
79,Look at this web site/page,Information source,WATCH: NASA's Incredible Tornado Footage From Space http://huff.to/lYGYqY via @huffingtonpost,AGTrupp
80,Look at this photo or these photos,Information source, @lswestonline: Check out lswestonline.com for pictures and video about the tornado in Joplin shot only hours after the devastation oc ...,bob_onTV
81,Look at this photo or these photos,Information source,"Chico, CA tornado http://twitpic.com/52jvx0",HockeyTarheel
82,Look at this video or these videos,Information source,Incredible video of tornado this evening moving east of Oklahoma City...from KOCO-TV helicopter which was shooting... http://fb.me/WByB6Mkr,weathermankeith
83,Look at this web site/page,Information source, @USMC: Marine protects family from #Joplin #tornado in home closet http://cot.ag/lg2hve #Marines,JTmusician77
84,Look at this photo or these photos,Information source, @slmandel: If all the tornado wreckage photos haven't gotten to you yet ... this before-and-after in Joplin most certainly will http: ...,cmattsiemer
85,Look at this video or these videos,Information source,WATCH: Dog Caught In Tornado Crawls Home On Broken Legs Nearly 3 Weeks Later http://dlvr.it/T0qk4,NewsOnGreen
86,Look at this web site/page,Information source,"President Obama tours tornado devastation in Joplin, Mo. http://bit.ly/lxTj0f",OregonianPol
87,Look at this web site/page,Information source,Obama tours tornado-ravaged Joplin : http://t.co/Y76nACG via @cbsnews,StPeteTerry
88,Look at this web site/page,Information source," @JoelYoung_WABG:  @WTVA_JWatson ""@WxDan: In case you need a reminder about what the winds inside an EF-5 tornado can do... http://i ...",The_Matty_Ice
89,Look at this video or these videos,Information source,MTV Riff Raff Ã¢â‚¬â€œ Texas Tornado http://goo.gl/fb/yT2YP #video,worldpopvideos
90,Look at this web site/page,Information source,Obama joins day of prayer in tornado-ravaged city - U.S. President Barack Obama heads to the southwest Missouri city... http://ow.ly/1cW3rA,CWN_Sales
91,Watch this TV channel (or: I am watching this channel),Information source, @TWCBreaking: We are streaming a #tornado live  from Grady Co. OK here and on TWC TV:  http://wxch.nl/lsSwPM,juliannamkh
92,Look at this web site/page,Information source,"HEALESS: As Cantor's tornado comments show, that's the word for today's Republicans http://bit.ly/jWah8I",abridgeforth
93,None of the above,Information source,My raw Twitter feed of incoming Joplin information may be found on this Twitter list:,
94,Look at this photo or these photos,Information source,@TXTF1 canine teams continue search in #Joplin today. WSJ Article: http://on.wsj.com/llh6f8 New Photos http://fb.me/WSyN0Pru,teextweet
95,Look at this video or these videos,Information source, @thedailybeast: Exclusive New Video: Storm-chasers miss #Joplin tornado by mere seconds. Watch their harrowing escape http://thebea.s ...,dailybeasttv
96,Look at this web site/page,Information source,@Karen_Eden Did u find anything out yet? Heard today CNN has a link on their site. #Joplin,iHiredMe
97,Look at this web site/page,Information source,Way to go!  @HawaiiRedCross HI Red Cross volunteers return from helping tornado & flood victims. Mahalo volunteers! http://bit.ly/jR8NFw,LisaSmarty
98,Look at this web site/page,Information source,Live updates: Western Mass. tornado recovery effort underway Thursday: Continually-updated news and information ... http://bit.ly/ktFECZ,masslivenews
99,Look at this video or these videos,Information source,Dog crawls home with 2 broken legs. http://www.bing.com/videos/watch/video/lost-in-tornado-dog-crawls-home-with-two-broken-legs/6b2d25o,vegansplendor
100,Look at this video or these videos,Information source,NOAA Movie of Joplin Tornado in 3-D Radar Data http://ow.ly/5cdvP,Accu_Jesse
101,Look at this web site/page,Information source, @brianstelter: If you're just waking up: the NYT's main story out of #Joplin: http://t.co/mkWKgSS & my sidebar about 1 family: http:/ ...,ArielCBlack
102,Look at this web site/page,Information source,"Tolliver on coach, Rubio, labor issues and Joplin tornado | StarTribune.com http://t.co/WyEZXoB",nevealane
103,Look at this web site/page,Information source," @TWCBreaking: Spotters confirm at least 1/2 mi. wide #tornado near Longdale, OK.  TAKE COVER in Fairview, Orienta.  Radar:  http://wx ...",pbblue
104,None of the above,Information source," @EnewsWorld: Obama to attend Joplin memorial service: US President Barack Obama is set to inspect tornado damage in Joplin, M... ht ...",kellsonline
105,Look at this web site/page,Information source, @SamsClubSusan: #samsclub in #Joplin is open. Additional supplies arriving. No membership required. Follow 4 updates #Tornado #Mo,Jeannie_Hartley
106,Look at this video or these videos,Information source,Pretty cool story about a dog with two broken legs crawling back home after a tornado carried him away. http://fb.me/xEP9YjCk,PaulandAl
107,Look at this web site/page,Information source,'Major Tornado Outbreak' Forecast for US Midwest Including Kansas City - Bloomberg http://su.pr/33cUMi,Marsha8346
108,None of the above,Information source,Just saw the story of the dog who dragged himself home after a tornado with two broken paws. Too precious.,samanthajoyx3
109,Look at this web site/page,Information source, @techreview: Record Tornado Season Caused by Climate Change? http://bit.ly/irPWsI,pccarencure
110,Look at this photo or these photos,Information source, @breakingweather: A compilation of gripping and heartbreaking photos of the #Joplin aftermath: http://ow.ly/52GB5 #tornado,MunkFOD
111,Look at this web site/page,Information source,"Lost Tornado Animals TUSCALOOSA, AL: Is this your dog? Found in the North River area.  You can help this pup find hi... http://ow.ly/1cWwN4",happydawgblawg
112,Look at this web site/page,Information source," @savethechildren: #Tornado, Hurricane & Wildfire season is upon us. Help us protect U.S. children in harm's way: http://j.mp/m37DPS # ...",ChristopherChaw
113,Look at this web site/page,Information source,"@NSSL: The research phased array radar captured a long lived tornado on May 24, 2011. Read about it here: http://t.co/0phfG4V",fredalan
114,Look at this web site/page,Information source,#Joplin's citizen looter patrol.  http://twitpic.com/583zoa,TBrennfoerder
115,Look at this web site/page,Information source,"BREAKING #WEATHER: All damage has been surveyed at the tornado locations, and NWS concludes it was an EF3 tornÃ¢â‚¬Â¦ (cont) http://deck.ly/~suVT6",Geos_SNEweather
116,Look at this photo or these photos,Information source, @Flickr: Member photos show the effects of the monster tornado in #Joplin http://bit.ly/k2YU57,Halloj_Inger
117,Look at this web site/page,Information source,"Ultra-loud warning sirens of the type used in the United States' ""tornado alley"" are being mooted for... http://dlvr.it/TQ78t",TsunamiAttacks
118,Watch this TV channel (or: I am watching this channel),Information source, @ShawnRyanTV: Hey Guy on CNN w/Home Video of tornado aftermath: Next time put the camera down while frantically searching for missing ...,Andylanger
119,Look at this web site/page,Information source,@walterolson Man clearing tornado debris fined for tree trimming http://j.mp/kgfWVn/// Didya even read the entire article? @cspanwj,cspanSnark
120,Look at this web site/page,Information source, @txskywtchr: Here's a map of every county in Texas that is currently under a Burn Ban. Expect this list to grow. http://ow.ly/5ekuj # ...,2ndOfDouglas
121,Look at this web site/page,Information source, @ModernMom: Dog rescues another dog in #Joplin http://bit.ly/iHwff2,ashleypgh
122,Look at this web site/page,Information source,Geesh!  How long since the tornado?3 weeks??? @KrisKetz:  @koamnews: FEMA trailers arrive for tornado relief http://bit.ly/kv6DXp,DanHurst
123,Look at this video or these videos,Information source,Check this video out -- Stunning Water tornado blasts Australia coast. http://t.co/gIbUldt via @youtube,BestNewsVids
124,Look at this video or these videos,Information source,"Massachusetts Tornadoes Make for Popular YouTube Content As previously discussed, 2011 has been the Year of the Tornado, http://tiny.ly/BbgL",SplinternetMark
125,Look at this web site/page,Information source,#Obama tours twister-ravaged neighborhood in #Joplin  http://bre.ad/0cmin0 #news,JeffBreazile
126,Look at this web site/page,Information source,Web Extra: 11-Year-Old Tornado Survivor Speaks: A young survivor of the tornado that hit Franklin and Johnson co... http://bit.ly/iUA5F3,fayetteville_ar
127,Look at this web site/page,Information source,"MT @StJohnsHealth: Dr. Charles Ro, St. John's Regional Med. Ctr, is prepping for first surgery at the new... http://fb.me/11m8Y08AL #joplin",b_sorensen
128,Look at this web site/page,Information source,From inside the hospital inside the tornado that hit Joplin. - http://www.kevinmd.com/blog/2011/05/happened-hospital-joplin-mo-tornado.html,whensafetyfails
129,None of the above,Information source,National Weather Service: #Joplin storm was an EF4 with winds up to 198 mph #MOTornado http://pub.vitrue.com/PYi,41ActionNews
130,Look at this photo or these photos,Information source," @nytimes: 33 Striking photos of #tornado destruction in Joplin, Missouri: http://bit.ly/iu2a8O (via @in_focus)",BeFearless4Life
131,Look at this web site/page,Information source, @rob_sheridan: This is what happens when a tornado crosses a river. Holy shit. http://bit.ly/lSatyy - via @leviathant,Bryce3333
132,Look at this video or these videos,Information source,"Wow.....sunny, breezy, warm and less humid...blue skies thrown in at no extra charge! Wild tornado video at http://wjla.com/weather",DougHillABC7
133,Look at this photo or these photos,Information source, @BadAstronomer: Holy crap. Animation of weather sat images of #Joplin tornadic supercell exploding into existence. http://is.gd/36AwFV,Stompn_Tom
134,Look at this video or these videos,Information source," @CBSNews: Live now on CBSNews.com: Streaming video of Joplin MO memorial service for tornado victims, Obama to speak  http://bit.ly/9 ...",JEstebanTorres
135,Look at this photo or these photos,Information source, @twcMarkElliot: One of many images showing the force of an EF-5 Tornado: http://i.imgur.com/smF2z.jpg,Maven2379
136,Look at this web site/page,Information source,"Obama Offers Condolences, Encouragement to Joplin Tornado Victims | FoxNews.com | http://t.co/iCAwvJ9 |",JunJun_M_Cabuay
137,Look at this web site/page,Information source,The Springfield Tornado Path From Space. Thanks NASA - Rick Green | CT Confidential: http://t.co/IaQUR3o via @AddThis,Ivanroberson
138,Look at this web site/page,Information source,News - Greensboro_NC: Joplin tornado leaves thousands with no place to call home http://fb.me/X... http://nc.gs/iA8GEt #News #Greensboro,news_nc
139,Look at this video or these videos,Information source,KEPR Sports Director Remembers Tornado Threat While Living in Joplin: KEPR Action News Sports Director Morgan Vance... http://dlvr.it/T1G6S,tricitieswanews
140,Look at this video or these videos,Information source,Watch the Tornado in Springfield http://www.youtube.com/watch?v=qIKu2f1bXes,BoycottArms
141,None of the above,Information source,"Sending up prayers.  @MLBrown_writes: ""@BOSTON_FF_L29: Reports of another SPRINGFIELD Area Tornado Now!"" not cool, lots of family there.",JuliasBlues
142,Watch this TV channel (or: I am watching this channel),Information source," @cnnAM: Images from #Joplin, MO show extreme devastation after Sunday's tornado. Rescue, recovery efforts continue there. Watch #CNN  ...",killakc
143,Look at this video or these videos,Information source," @CTVSWO: No tornado in Hamilton or Caledonia, damage is consistent with a downburst, says Environment Canada. http://bit.ly/l9Jzvk",WaterlooWeather
144,Look at this web site/page,Information source,Mayor: 'We are in life-saving mode' in western #Massachusetts   http://bit.ly/mkHJml #Tornado,MatthewLiberty
145,Look at this web site/page,Information source,"Alabama Mayor Won't Lift Ban On FEMA Trailers, Despite Tornado Damage http://huff.to/kshk0D",fibergeneration
146,None of the above,Information source,@envy_ochoa kinda ' but today the entire sky was dark & there was a tornado like 15 minutes away from my town ! It got crazy lol,JayVsDemons
147,Look at this video or these videos,Information source,@PauleyP How freaking awesome is this dog? Mason the superdog! #noh8pets #tornado #Alabama  http://t.co/oYNjOkY,becsmog
148,None of the above,Information source,Turns out the Tornado sirens went off during the stream and @jwhittalglobal & @weaves87 had to head to the safety area!,BrentWGlobal
149,Look at this web site/page,Information source,who doesn't love a puppy surviving a tornado? http://bit.ly/iFN9CU my favorite story of the morning!,PRcgriffin
150,None of the above,Information source, @wxrisk: Dallas Love Field: all passengers and staff are in the basement of the terminal. (per weather channel) #txwx,sarakenny
151,Look at this web site/page,Information source, @andersoncooper: I took this earlier. Cross still stands above destroyed church #Joplin http://yfrog.com/h2d7rgrj WOW!!,greatnfluence
152,Look at this video or these videos,Information source,"Watch the Joplin, Mo., memorial service for tornado victims: http://fxn.ws/2jlSSz",foxnewspolitics
153,Look at this web site/page,Information source,Absolutely shameful.  @calahpatty: Two weeks later Congress still has not passed #Joplin aid http://dlvr.it/V98Sm via @opticaldensity #MO,AnonyMissBadger
154,Look at this web site/page,Information source," @BreakingNews: Tornado touches down near Billings, MT; warning sirens sounding - Billings Gazette http://bit.ly/jz4iwI",SpiritRider1
155,Look at this web site/page,Information source,Tornado Warning Issued In Northern California - News Story - KTVU San Francisco http://t.co/MWnfZdX via @AddThis,Nataliegirl32
156,Look at this web site/page,Information source,"One week later, services trickle in for tornado victims - Minnesota Public Radio: KSTP.comOne week later, servic... http://bit.ly/llsC2b",_Minneapolis_NC
157,None of the above,Information source,A tornado touched down in California!!,retrohoe
158,Look at this video or these videos,Information source,"Stop! Too many hashtags  @cnnbrk: In #tornado-hit #Joplin, #Obama vows: We will be with you every step of the way http://on.cnn.com/mOuxdv",clindsey
159,Look at this web site/page,Information source, @springfieldNL: Crowds are lining the streets in support of #Joplin; an officer has confirmed tear gas was used on protesters - http: ...,kodi74
160,Look at this web site/page,Information source,"Storm shelter demand: Storm shelter sales are skyrocketing.In the days following the deadly tornado outbreak, lo... http://bit.ly/mxyN0o",OKCFOX
161,None of the above,Information source,"It look like they gone have a tornado,",Lance_DntDoIt
162,None of the above,Information source, @weatherchannel: Approaching the average YEARLY U.S. #tornado count....and May's not over yet!   http://wxch.nl/k8uA1q,KB3WTR
163,None of the above,Information source," @baresilver: My heart is breaking for #Joplin Missouri.  So many fatalities already, and the work hasn't even begun.  The town is des ...",crshelton98
164,Look at this web site/page,Information source, @karen_w_brown: What is the rotational energy of an average U.S. tornado? http://tinyurl.com/3p5yexu,erzobe
165,Look at this web site/page,Information source,"Severe weather: was it or wasn't it a tornado? - WAFB Channel 9, Baton Rouge, LA | http://fb.me/tgId25Dz",CajunUsa
166,Look at this web site/page,Information source,"Westboro Baptist Church Already Spreading Their Hate in Joplin, Missouri After Tornado: The Westboro Baptist Chu... http://bit.ly/m1hrsU",BungalowBillCW
167,Look at this web site/page,Information source, @BadAstronomer: Holy crap. Animation of weather sat images of #Joplin tornadic supercell exploding into existence. http://is.gd/36AwFV,nickiplum
168,Look at this video or these videos,Information source,"Videos are heartwrenching, help the pets and their families in #joplin http://dld.bz/abavz",iServiceHomesNE
169,Watch this TV channel (or: I am watching this channel),Information source,"reports on CNN on #Tornado coverage in MO, OK and TX is so nerve wrecking!!!! How horrible! Praying for your safety!",puentes
170,Look at this web site/page,Information source,"With the deadliest tornado season in decades, it's getting harder and harder to leave climate change out of the debate: http://bit.ly/lhrhYi",NRDC
171,Look at this video or these videos,Information source,VIDEO: Violent tornado caught on film: At least four people have died after tornadoes ripped through the US stat... http://bbc.in/lY8o9d,NathanLee94
172,Look at this web site/page,Information source,Students send cheer to tornado victims: Tornadoes have been sweeping cities and towns from New England t... http://bit.ly/jHNq85 #rinews,wpri_feed
173,Look at this web site/page,Information source, @fox25news: Dog rescued from tornado rubble http://dlvr.it/VB69x #fox25,ChuckGiuffrida
174,None of the above,Information source,It is now being reported that tornado was one mile at times and was on the ground for fourteen miles.  #Joplin #MDS,wilson_bruce
175,Look at this web site/page,Information source,Gallery: Barack Obama visits Joplin area devastated by tornado: President Barack Obama visits some of those whos... http://bit.ly/mL2XVI,yycnews
176,Look at this photo or these photos,Information source,"#PHOTOS: #US #tornado in #Joplin, #Missouri. http://tiny.ly/FztC",PROPHECYandNEWS
177,Look at this video or these videos,Information source,OH MY GOD!  THIS IS TOO MUCH TO SEE!!!! http://www.kfor.com/news/livestreaming/  #TORNADO,caa1000
178,Look at this web site/page,Information source,geez...footage of yesterdays tornado in Oklahoma City http://t.co/Qp03KGS,Karina_Marlene
179,Look at this photo or these photos,Information source,"Images Of Oklahoma Storms, Tornado Damage http://dlvr.it/SzVK2",wbaltv11
180,Look at this web site/page,Information source,XTRA Lease Birmingham Re-opens Following Tornado Damage  http://sns.mx/6Xd8y2,BirminghamUKPro
181,None of the above,Information source,TORNADO WARNING: Champaign; P... (Illinois)  Expires: 05/25/2011 07:30PM (CDT) http://bit.ly/j1W9ko #tornado #ilwx,twister_tracker
182,Look at this video or these videos,Information source,Amazing --&gt; Building a Mobile Hospital on the Campus of St. John's Mercy Hospital in #Joplin after Tornado - http://youtu.be/pF6x6jl-kF8,b_sorensen
183,Look at this web site/page,Information source, @Crackerville: Wow #Joplin  @eturnl2009 @Crackerville  http://lockerz.com/s/107483101,eturnl2009
184,None of the above,Information source," @SidneyThe4th: #BreakingNews DFW Airport pulling passengers off planes, advising people to stay away from windows as tornado bears do ...",nicholascotoia
185,Look at this photo or these photos,Information source, @IBDeditorials: Ramirez cartoon: Financial tornado http://ht.ly/59RCT,ringo44
186,Look at this web site/page,Information source," @ALsocme:  @AlabamaBloggers: Recommended Events, incl. @ALsocme Family Event & Tornado Relief Train Ride: http://bit.ly/iH2mCR",SSFireworks
187,Look at this video or these videos,Information source,PETRIFYING video reportedly captures screams & prayers of pple riding out #Joplin #tornado in #fastrip convenience store: http://ow.ly/50AFH,MorningExp
188,Look at this web site/page,Information source,Mass. towns give thanks tornado toll wasn't worse http://apne.ws/k47gdi,TwittahUsah
189,Look at this web site/page,Information source,Obama | President | Tornado | Barack | Missouri - http://thenewsportal.net/?p=962817 #news,TheNewsPortal
190,Look at this web site/page,Information source,Great first-hand acct of the #Joplin #tornado by an ER doc on duty at St John's: http://t.co/VR1rUsp,pinkpicketfence
191,Look at this web site/page,Information source,Hells yeah. @merebenfield A circus traveling thru #Joplin stopped & let their elephants help move heavy debris! http://t.co/mRDu9yT,IllegalShift
192,Look at this video or these videos,Information source,Celebrity: Video: Most Dramatic Tornado Videos of the Week http://www.celebrity-tabu.com/video-most-dramatic-tornado-videos-of-the-week,celebritytabu
193,Look at this web site/page,Information source, @vhernandezcnn: Once again Social Media plays a huge role in disaster reporting: http://bit.ly/lnpVVY  /via @fastcompany #joplin #tor ...,tbschrisbrown
194,Look at this web site/page,Information source,"Back from Europe, Obama turns to the rubble and heartache of tornado-ravaged Missouri http://bit.ly/lUhLsy #politics #news",PublikunCZAR
195,Look at this video or these videos,Information source,WATCH: Raw Video Of Springfield Tornado  via @huffingtonpost,brightnsunny
196,Look at this web site/page,Information source,Minneapolis Licensing Gestapo Fine a Local Tree Trimmer $275 for Volunteering After a Tornado: A tornado tore th... http://bit.ly/iZixnz,pudding_rice
197,Look at this web site/page,Information source,Don't think people in NY could handle a tornado.  @Newsweek: Tornado warning in #NYC. Is this the new normal?! http://bit.ly/kKNxQT,mpaigeowen
198,Look at this video or these videos,Information source,Click for links to local YouTube videos of yesterday's tornado http://fb.me/11kvmvZI1,WRCHPD
199,Look at this web site/page,Information source, @USArmy: Guardsman helps rescue tornado victims in #Joplin http://goo.gl/kowGb cc: @TheNatlGuard #USArmy,daymonsgirl
200,Look at this web site/page,Information source, @Reuters: Obama vows national response to Missouri tornado  http://reut.rs/kMSwTw,Resolute_aso5f
201,Look at this video or these videos,Information source,Wowza  @spreyn0: New video showing the #tornado ripping thru #Joplin & the aftermath. From 4:35 on is hard to watch. http://t.co/BJEjGlr,johnNBCLA
202,Look at this web site/page,Information source,Read Jess Rollins' story about one family's quest for their son after the tornado: http://cot.ag/kU8kOw,roseannmoring
203,Look at this web site/page,Information source, @ReliefPortraits: Facebook.com/ReliefPortraits #ReliefPortraits #Joplin #tornado,tsmelley
204,Look at this video or these videos,Information source,Videos in the News: Missouri tornado toll hits 132      (AFP) http://ow.ly/1cUMIT,W8theres2more
205,Look at this web site/page,Information source, @TIME: PHOTOS: A tornado rips through Western Massachusetts | http://ti.me/l1wEgJ,peridot2003
206,Look at this web site/page,Information source,Social media helps tornado survivors pick up the pieces http://bit.ly/jNofMX,shaakunsethi
207,Look at this web site/page,Information source," @FreakOutNation: Eric Cantor Holds Tornado Ravaged Joplin, Missouri hostage http://t.co/3O2KjcV  #digg #digguser",tomshade
208,Look at this web site/page,Information source,This is an eyeopener:  Joplin tornado survivor shares his story http://bit.ly/lnKbaK #joplin #tornado,hey_leia
209,Look at this photo or these photos,Information source,Tornado! http://instagr.am/p/Erpzb/,JeffMonschke
210,Look at this web site/page,Information source,"TUCSON BBB: How to Tornado-Proof Your Home[Sun, 24 Ap] http://dlvr.it/VDpcd",TucsonEA
211,Look at this photo or these photos,Information source,"PHOTOS: Before/After: Satellite Imagery Of Joplin, Mo. http://abcn.ws/maKTfm #Joplin",Niketa
212,Tune to this radio station (or: I am listening to this station),Information source," @TWCBreaking: #Tornado warning information for Owensboro, KY http://wxch.nl/l2b6ck",SevereAlertsNow
213,Look at this web site/page,Information source, @cashmachines: http://bitly.com/fvX Mass. towns give thanks tornado toll wasn't worse http://bit.ly/mfx95N http://bit.ly/mlO5or #fb,Twitt_er_Bloke
214,Look at this web site/page,Information source,"TUCSON BBB: How to Tornado-Proof Your Home[Sun, 24 Ap] http://dlvr.it/VFDWJ",TucsonEA
215,Look at this video or these videos,Information source,Unbelievable video of a tornado hitting Massachusetts.  Don't miss it tonight on WJZ News at 11pm.,cbsbaltimore
216,Look at this web site/page,Information source,#FF for amazing bravery to @raeabileah http://is.gd/MfVTKs  and @BillMcKibbon and the people of #joplin!,actingupmama
217,Look at this video or these videos,Information source,"MUST watch vid! 55 @youtube singers #WePrayForYou for Japan/US Tornado victims written by @jricemusic & @brettsmusic - http://t.co/0l42g1I""",whoisshawn
218,Look at this video or these videos,Information source,TornadoÃ¢â‚¬â„¢s fury caught on tape http://www.msnbc.msn.com/id/21134540/vp/43170743#43170743,RussTaylor622
219,Look at this web site/page,Information source, @arwxguy: Radar view of the severe t'storm in Lincoln county. #arwx  http://t.co/Y33bpfO,BentonWx
220,Look at this web site/page,Information source, @BarnesJewish: Update from colleagues in #Joplin with Missouri's Disaster Medical Assistance Team after Sunday's #tornado http://bjhn ...,goMarielle
221,Look at this web site/page,Information source,How Strong is Your Financial Foundation?: The recent tornado outbreak across the country has lots of folks wonde... http://bit.ly/kjykZh,wregzaneta
222,Look at this web site/page,Information source,Tornado lessons could lead to stronger buildings http://goo.gl/fb/z6m2f,koorgle
223,Tune to this radio station (or: I am listening to this station),Information source,Heading to #Joplin with @RicoBush for @KOMUnews. Tune in at 9 and 10 for the latest updates. Live stream at KOMU.com,hillarymullin
224,Look at this photo or these photos,Information source, @TelegraphPics: Gallery: Tornado in Massachusetts http://tgr.ph/l4wf9W,asteris
225,Look at this photo or these photos,Information source,"Wow, incredible.  @jdavidgoodman: Amazing, other-worldly picture from Missouri town after tornado: http://bit.ly/kai3VU #joplin",raffiwriter
226,Look at this web site/page,Information source,Obama pledges to stand by tornado-hit town http://goo.gl/fb/M0bYw #ManilaNews #Manila #worldnews,NewsManila
227,Look at this web site/page,Information source,Birm. Breaking News Tuscaloosa tornado victims remembered in candlelight vigil: Aim of remembrance ce... http://bit.ly/l7IZ6V #ALnews ,iE_Alabama
228,Look at this web site/page,Information source,"....ATTENTION!!! For all who are now out of work due to the tornado, there is to be a meeting tomorrow at 4pm at... http://fb.me/110p5HPZj",RitaStevenson
229,Look at this photo or these photos,Information source, @cbs11news: Another shot of a tornado in Denton tweeted by @adam_ruiz http://yfrog.com/h36wqjggj,GinaZavala
230,Look at this photo or these photos,Information source, @lancelemen: High-res images from #JoplinÃ¢â‚¬â€œ http://bit.ly/jzuuvC. How to helpÃ¢â‚¬â€œ http://bit.ly/jdvqN6. Please help even if just ,AjMeadows
231,Look at this web site/page,Information source,Basketball Hall of Fame escapes damage from Springfield tornado | masslive.com http://t.co/rtIT8ZK,JJRedick19
232,Look at this web site/page,Information source,God Bless!  @USMC: Marine protects family from #Joplin #tornado in home closet http://tinyurl.com/3j4cl4n #Marine,sdigda
233,Watch this TV channel (or: I am watching this channel),Information source," @DanaRoecker: Mash unit set up in #Joplin, Mo. #NBCNews http://t.co/a5iKxqO",NBCNews
234,Watch this TV channel (or: I am watching this channel),Information source,"Pres. @BarackObama will speak at a memorial for those lost in the #tornado in #Joplin, MO. @CNNLive: http://on.cnn.com/cnndcl1 #CNN",MunozCNNiReport
235,Look at this web site/page,Information source," @Metro_TV: Tornado Langka Terjang Massachusetts, 4 Tewas http://t.co/dsJe3y1 via @AddThis",rzltrynto
236,Look at this web site/page,Information source, @StressedFran: New Blog Post: Nurse on duty when tornado hit hospital in Missouri http://ow.ly/1cTmRM,Scooter20
237,Look at this video or these videos,Information source,Raw Video: Aerial Tour of #Joplin #Tornado Damage http://bit.ly/lGpEET #Severe #Storm via #AssociatedPress,Apple_WorldNews
238,None of the above,Information source,From the Nat'l Weather Service @12:15pm: Westfield-Springfield-Monson Tornado was a minimum EF3 in hardest Hit areas. 136-165... - @BarryWBZ,wbzweather
239,Look at this web site/page,Information source,Stunning NOAA video: Satellite view of momentous month of tornado-spawning storms fronts:  http://t.co/1imlyCg @Revkin,gecko39
240,Look at this web site/page,Information source,Massive tornado strikes Massachusetts - World - NZ Herald News http://t.co/lF267ve via @nzherald #news,TinyTravelLady
241,Look at this web site/page,Information source,SPC Tornado Watch 368 Status Reports http://dlvr.it/SzjZv,Chris_Garner1
242,Look at this web site/page,Information source," @BreakingNews: Tornado watch issued for New York City, surrounding counties - NBC NY http://bit.ly/iE1u3J",LadyHavenM
243,Look at this video or these videos,Information source,@ClimateProject @RepowerAmerica my inventions can stop tornado's and clean pollution  http://www.youtube.com/watch?v=oy_8y6mOxcU,EnvioClean
244,None of the above,Information source,@cpsandee  No doubt ! that area is not even in tornado alley either--mother nature was pissed ripped Bruce county a new one that nite,xxAnrichxx
245,Look at this web site/page,Information source,"'Any City Can Be Hit by a Tornado' - When many Americans think of  tornadoes, they think of Kansas and Oklahoma, not... http://ow.ly/1d1adP",Interstate107
246,Look at this video or these videos,Information source,"Rare tornado touched down in Chico, California. News chopper was able to film it..... http://fb.me/121xeFkPL",engine54
247,Look at this video or these videos,Information source,"AP VIDEO: Obama speaks at a memorial service for tornado victims in Joplin, Mo. ""No one is a stranger."" http://apne.ws/mI2Mqm -CJ",AP
248,Look at this photo or these photos,Information source," @nytimes: Panoramic before and after photos depict the power of the Joplin, Mo. tornado http://nyti.ms/mt5ywd",JasonRobertC
249,Tune to this radio station (or: I am listening to this station),Information source," @stormchaser4850: Listen live to Springfield, MA police scanner feed as city continues to respond after tornado http://bit.ly/iHNHLN",FPOnTheDL
250,Look at this web site/page,Information source,Tornado Takes Kansas Man On Wild Ride http://tf.to/sZZe,kansascitypost
251,Look at this web site/page,Information source," @warmowski: Despite the best efforts of Eric Cantor. http://bit.ly/lONvNH  @thedigitalnpo Post Tornado, Library Is open in Joplin   ...",backbeatlives
252,Look at this video or these videos,Information source,"Ridiculous Stormchaser And Mom Flee Fire Tornado Video: Honestly, it's a toss up between which of these I'd like... http://bit.ly/ka5xl1",Baby_Mom
253,None of the above,Information source," @BarackObama: In Joplin, Missouri, today to visit with those who lost so much in last week's devastating tornado.",starnorth7
254,Look at this web site/page,Information source,#Joplin #Missouri needs a weather break http://radar.weather.gov/radar.php?rid=eax&product=N0R&overlay=11101111&loop=no #joplintornado,JMOKC
255,Look at this video or these videos,Information source, @picturejohn: Joplin: 8 Days Later (video) http://t.co/E6v5p4G #tornado #joplin #destruction,Entrecote
256,Look at this photo or these photos,Information source,"SHOCKING IMAGES/Joplin, MO wiped off map by tornado..truly heartbreaking..there are no words/plz PRAY 4  these familieshttp://bit.ly/joDjri",TheScarletDogma
257,Look at this photo or these photos,Information source, @latimes: #Joplin tornado before/after satellite images to compare http://lat.ms/l1wysn @LATimesPhotos,Zaradia
258,None of the above,Information source,Live in 20 minutes at 40 after the hour on Studio B with Shep... updates on the search and rescue operations underway in #Joplin.,caseystegall
259,Look at this photo or these photos,Information source, @scotteisenphoto: Here are some photos from #Springfield #MA #tornado damage. http://bit.ly/jXSHMN @universalhub @AP_Images @AP_Boston,MichConnors
260,Look at this web site/page,Information source, @drfranvogler: MISSOURI:An Animal Lost & Found Facebook Page Established for Joplin http://on.fb.me/iQEs43 #mowx #joplin #tornado #pe ...,goMarielle
261,Look at this photo or these photos,Information source,"That's a pretty good specimen of a water tornado - ""Natural Phenomenon Spotted Off Coast Of New South Wales, Australia"" - http://ow.ly/565Jx",hughdickson
262,Look at this web site/page,Information source,Wednesday Reading: Tornado Facts and Myths  http://tiny.ly/hMxk,alphapersonal
263,Look at this web site/page,Information source, @tylerjfrancke: Some thoughts on #Joplin after volunteering and seeing some of the destruction - http://goo.gl/zlycv,owls_mcgee
264,Look at this web site/page,Information source,What Tips the Balance Toward a Tornado?: Asking scientists about broader patterns that turn stormy weather into ... http://bit.ly/mE9jWG,organiclifezone
265,Look at this photo or these photos,Information source, @nytjim: More side-by-side before & after panoramas from #Joplin #tornado. http://nyti.ms/ltyJWC,Niketa
266,Look at this photo or these photos,Information source,"Like something by Bosch  @nytimes MT @jdavidgoodman: Amazing, other-worldly picture fr Missouri after tornado http://bit.ly/kai3VU #joplin",LydiaOn10
267,Look at this video or these videos,Information source,"I favorited a @YouTube video http://youtu.be/mNVuCXVKkLQ?a Raw Video: Killer Tornado Rakes Joplin, Mo.",Natalieland2009
268,Watch this TV channel (or: I am watching this channel),Information source,@petermeet Tornado in MA is crazy! CNN has some great video of it!,Streetworker213
269,Look at this video or these videos,Information source,This is #terrifying: http://www.5min.com/Video/Raw-Video-Tornado-Strikes-Springfield-Mass-517078347,urhairispretty
270,Look at this video or these videos,Information source,Avoid Injury During Tornado Cleanup  http://youtu.be/IMetd1_MFEQ Please ! #Joplin #Sedalia #Mizzou,charlietriplett
271,Look at this video or these videos,Information source,Wow.  @WTNH: You've got to see this!  AMAZING video of a tornado formation over the CT River in the Springfield area. http://bit.ly/il1U18,ET2U
272,Look at this web site/page,Information source,"Obama vows national response to Missouri tornado: JOPLIN, Missouri (Reuters) - President Barack Obama said Sunda... http://bit.ly/kCu5t7",ChiTribWorld
273,Look at this video or these videos,Information source, @ISF_KidsArmy: Please  this and watch it. http://t.co/MW71sMY the more people who see it can know what to do if there is a tornado. ...,ISFGermany
274,Look at this web site/page,Information source, @NewsOn6: How To Protect Yourself In A Car During A Tornado http://bit.ly/jF0Y6X,chance_esp
275,Tune to this radio station (or: I am listening to this station),Information source, @fema: Practice your orgÃ¢â‚¬â„¢s shelter in place plan & use a weather radio to keep employees informed. #Tornado tips http://go.usa.gov/TEM,poanj
276,None of the above,Information source,#Joplin Tornados strike 4-States; at least 25 dead - updated at 11:35 PM CST,TasadorSoitave
277,Look at this web site/page,Information source,Here's an article by a friend of mine who is editor of a local paper in #Joplin http://t.co/KnzK9aO,camojoe
278,Look at this web site/page,Information source," @TheDalyPlanet: Great story on the TV response to the #joplin disaster.  @THR    TV News Rushes to Tornado-Ravaged Joplin, Mo. http ...",juliet316
